{"cameraMode":{"drawMode":0,"name":"Shaded","section":"Shading Mode"},"sceneLighting":true,"audioPlay":false,"sceneViewState":{"showFog":true,"showMaterialUpdate":false,"showSkybox":true,"showFlares":true,"showImageEffects":true,"showParticleSystems":true},"in2DMode":false,"pivot":{"x":27.780162811279298,"y":5.623629570007324,"z":-4.863646507263184},"rotation":{"x":0.15645663440227509,"y":0.5157404541969299,"z":-0.09639342874288559,"w":0.8368393778800964},"size":10.0,"orthographic":false}