{"cameraMode":{"drawMode":0,"name":"Shaded","section":"Shading Mode"},"sceneLighting":true,"audioPlay":false,"sceneViewState":{"showFog":true,"showMaterialUpdate":false,"showSkybox":true,"showFlares":true,"showImageEffects":true,"showParticleSystems":true},"in2DMode":false,"pivot":{"x":6.362274169921875,"y":3.1701207160949709,"z":12.353089332580567},"rotation":{"x":-0.022159980610013009,"y":-0.23884235322475434,"z":0.005410411860793829,"w":-0.9708441495895386},"size":10.0,"orthographic":false}